true_class,predicted_class,count
laughing,crying_baby,3
pig,car_horn,3
wind,helicopter,3
chirping_birds,pouring_water,2
clapping,footsteps,2
crackling_fire,water_drops,2
crickets,clock_alarm,2
door_wood_creaks,airplane,2
door_wood_creaks,cat,2
drinking_sipping,keyboard_typing,2
engine,wind,2
fireworks,pig,2
fireworks,pouring_water,2
footsteps,door_wood_knock,2
footsteps,fireworks,2
frog,dog,2
frog,fireworks,2
frog,siren,2
hen,laughing,2
insects,vacuum_cleaner,2
keyboard_typing,clock_tick,2
mouse_click,crackling_fire,2
thunderstorm,car_horn,2
train,footsteps,2
vacuum_cleaner,crickets,2
washing_machine,wind,2
water_drops,pouring_water,2
airplane,helicopter,1
breathing,airplane,1
breathing,fireworks,1
breathing,mouse_click,1
breathing,sheep,1
breathing,toilet_flush,1
breathing,wind,1
brushing_teeth,pouring_water,1
brushing_teeth,water_drops,1
can_opening,coughing,1
can_opening,footsteps,1
can_opening,insects,1
can_opening,water_drops,1
car_horn,door_wood_creaks,1
car_horn,door_wood_knock,1
car_horn,sheep,1
cat,car_horn,1
cat,crying_baby,1
cat,door_wood_creaks,1
cat,siren,1
chainsaw,helicopter,1
chainsaw,train,1
chirping_birds,clock_alarm,1
church_bells,car_horn,1
church_bells,cow,1
church_bells,insects,1
clapping,clock_tick,1
clapping,door_wood_creaks,1
clapping,keyboard_typing,1
clapping,vacuum_cleaner,1
clock_alarm,chirping_birds,1
clock_alarm,crickets,1
clock_tick,can_opening,1
clock_tick,dog,1
clock_tick,siren,1
coughing,hand_saw,1
coughing,keyboard_typing,1
coughing,sneezing,1
cow,car_horn,1
cow,hen,1
cow,laughing,1
cow,sheep,1
cow,sneezing,1
crackling_fire,clock_tick,1
crackling_fire,engine,1
crickets,siren,1
crow,pig,1
dog,clock_tick,1
dog,crying_baby,1
dog,frog,1
dog,sheep,1
door_wood_creaks,breathing,1
door_wood_creaks,hen,1
door_wood_creaks,rooster,1
door_wood_knock,clock_tick,1
door_wood_knock,drinking_sipping,1
door_wood_knock,mouse_click,1
drinking_sipping,dog,1
drinking_sipping,pig,1
drinking_sipping,sneezing,1
drinking_sipping,water_drops,1
engine,car_horn,1
engine,vacuum_cleaner,1
fireworks,chirping_birds,1
fireworks,clapping,1
fireworks,footsteps,1
fireworks,toilet_flush,1
footsteps,crackling_fire,1
hand_saw,chainsaw,1
hand_saw,clapping,1
hand_saw,keyboard_typing,1
helicopter,car_horn,1
helicopter,engine,1
helicopter,thunderstorm,1
helicopter,train,1
helicopter,washing_machine,1
helicopter,wind,1
keyboard_typing,insects,1
keyboard_typing,pouring_water,1
mouse_click,clock_tick,1
mouse_click,engine,1
mouse_click,footsteps,1
mouse_click,keyboard_typing,1
pig,coughing,1
pig,cow,1
pig,crying_baby,1
pig,drinking_sipping,1
pouring_water,can_opening,1
pouring_water,hen,1
sea_waves,rain,1
sheep,brushing_teeth,1
sheep,crow,1
sheep,insects,1
siren,car_horn,1
siren,cat,1
siren,church_bells,1
sneezing,cat,1
sneezing,drinking_sipping,1
sneezing,hen,1
sneezing,laughing,1
sneezing,pouring_water,1
snoring,chirping_birds,1
snoring,fireworks,1
snoring,toilet_flush,1
thunderstorm,airplane,1
thunderstorm,wind,1
toilet_flush,sea_waves,1
train,vacuum_cleaner,1
vacuum_cleaner,clapping,1
vacuum_cleaner,engine,1
vacuum_cleaner,insects,1
washing_machine,engine,1
washing_machine,footsteps,1
washing_machine,helicopter,1
washing_machine,insects,1
washing_machine,vacuum_cleaner,1
water_drops,crickets,1
water_drops,door_wood_knock,1
water_drops,drinking_sipping,1
water_drops,insects,1
water_drops,mouse_click,1
wind,siren,1
